{"_step":29,"train_instance_loss":NaN,"val_instance_loss":0.8624891151081432,"train_binary_loss":NaN,"_runtime":654.64205567,"val_binary_loss":0.08070472221482884,"_timestamp":1.7397492703834615e+09,"_wandb":{"runtime":654},"train_total_loss":0,"visualization":{"_type":"image-file","sha256":"39c4b0816a6b5e236ac76b00e70163f6317ac131161bdabe66ca279e3c2e8a01","size":171100,"path":"media/images/visualization_27_39c4b0816a6b5e236ac7.png","format":"png","width":2048,"height":256,"caption":"Epoch 10 - Batch 0"},"val_total_loss":0.9431938312270425,"epoch":10}