{"val_binary_loss":0.050381969512250296,"visualization":{"format":"png","width":2048,"height":256,"caption":"Epoch 3 - Batch 0","_type":"image-file","sha256":"8dafd3a19effdf9d40c751946d36821cf981ff911c02c31a1c0fed035024b519","size":136558,"path":"media/images/visualization_6_8dafd3a19effdf9d40c7.png"},"train_total_loss":0,"epoch":3,"_runtime":262.658913013,"train_binary_loss":NaN,"val_total_loss":0.11975634042451631,"_timestamp":1.739488688709874e+09,"train_instance_loss":NaN,"val_instance_loss":0.06937437046745523,"_step":8,"_wandb":{"runtime":262}}