{"val_total_loss":1.0196109673764446,"_timestamp":1.7395608112286925e+09,"epoch":5,"_step":14,"train_instance_loss":NaN,"visualization":{"size":119705,"path":"media/images/visualization_12_9afb9ea67ab5a14a35c0.png","format":"png","width":2048,"height":256,"caption":"Epoch 5 - Batch 0","_type":"image-file","sha256":"9afb9ea67ab5a14a35c0bb0ea74a20d1ec5801b7eb1e7892292328369b44c3f4"},"val_instance_loss":0.9453430329218949,"train_binary_loss":NaN,"train_total_loss":0,"val_binary_loss":0.07426793430701341,"_wandb":{"runtime":449},"_runtime":449.357397754}