{"val_binary_loss":0.0697859214110808,"train_instance_loss":NaN,"val_total_loss":0.9051912697878751,"_timestamp":1.73974702438189e+09,"train_binary_loss":NaN,"val_instance_loss":0.8354053388942372,"train_total_loss":0,"_step":29,"visualization":{"width":2048,"height":256,"caption":"Epoch 10 - Batch 0","_type":"image-file","sha256":"d29a445e013e69a4a811f71c7eee8f83e526395cd00edbc5773c4172c84bfa48","size":130426,"path":"media/images/visualization_27_d29a445e013e69a4a811.png","format":"png"},"epoch":10,"_runtime":656.591954917,"_wandb":{"runtime":656}}