{"_wandb":{"runtime":628},"_timestamp":1.7395602904570765e+09,"val_instance_loss":0.09873250753867745,"val_total_loss":0.17117440936589004,"train_instance_loss":NaN,"_step":20,"val_binary_loss":0.07244190186409667,"visualization":{"width":2048,"height":256,"caption":"Epoch 7 - Batch 0","_type":"image-file","sha256":"37690ababe8f0c04798f056d20c464d186d70c7190e717e85a444135a5647a54","size":174760,"path":"media/images/visualization_18_37690ababe8f0c04798f.png","format":"png"},"_runtime":628.865389353,"train_total_loss":0,"epoch":7,"train_binary_loss":NaN}