{"_runtime":682.301477134,"train_total_loss":0,"val_binary_loss":0.0705951064825058,"_step":29,"_wandb":{"runtime":682},"_timestamp":1.7397510064582777e+09,"val_total_loss":0.9994608759880066,"train_instance_loss":NaN,"train_binary_loss":NaN,"visualization":{"height":256,"caption":"Epoch 10 - Batch 0","_type":"image-file","sha256":"6541a378c0c2fae2eeacfda1373dcfce21e8b3c49190e3121da2a4b4993c9ca3","size":150031,"path":"media/images/visualization_27_6541a378c0c2fae2eeac.png","format":"png","width":2048},"val_instance_loss":0.9288657665252685,"epoch":10}