{"_runtime":318.025225706,"val_total_loss":0.8757891471569355,"visualization":{"caption":"Epoch 5 - Batch 0","_type":"image-file","sha256":"09bdb49216fa5a232ec12548596440c46833905069223b3a7cf6065d6b1fae7b","size":140726,"path":"media/images/visualization_12_09bdb49216fa5a232ec1.png","format":"png","width":2048,"height":256},"_timestamp":1.7397461502289135e+09,"train_total_loss":0,"epoch":5,"_wandb":{"runtime":318},"val_instance_loss":0.8000470354006841,"_step":14,"train_binary_loss":NaN,"val_binary_loss":0.07574209857445496,"train_instance_loss":NaN}