{"_timestamp":1.7397484614505029e+09,"_step":29,"visualization":{"caption":"Epoch 10 - Batch 0","_type":"image-file","sha256":"089d7767ea6b2cc758b3b42348835edf332b357a0d4f7fb171f86357b947f50f","size":149306,"path":"media/images/visualization_27_089d7767ea6b2cc758b3.png","format":"png","width":2048,"height":256},"train_instance_loss":NaN,"_wandb":{"runtime":654},"train_binary_loss":NaN,"val_binary_loss":0.06847419860688123,"val_total_loss":0.8265106894753196,"epoch":10,"train_total_loss":0,"val_instance_loss":0.7580364942550659,"_runtime":654.607683004}