{"_timestamp":1.7397500527786696e+09,"_runtime":654.897615651,"train_binary_loss":NaN,"_step":29,"epoch":10,"val_total_loss":0.9695257165215232,"train_instance_loss":NaN,"train_total_loss":0,"val_binary_loss":0.08785424516959624,"val_instance_loss":0.8816714720292524,"_wandb":{"runtime":654},"visualization":{"width":2048,"height":256,"caption":"Epoch 10 - Batch 0","_type":"image-file","sha256":"19e370473e07aabc3eaf74ff0d301e2d66ab27bb05cd02e794434baa34470ae9","size":137095,"path":"media/images/visualization_27_19e370473e07aabc3eaf.png","format":"png"}}