{"train_binary_loss":NaN,"epoch":5,"_wandb":{"runtime":450},"val_binary_loss":0.05449048363336242,"_timestamp":1.7395569077676966e+09,"_runtime":449.999470854,"_step":14,"val_total_loss":0.23940590326443756,"train_instance_loss":NaN,"train_total_loss":0,"val_instance_loss":0.18491541985237953,"visualization":{"sha256":"d3e8505a2dc5202db1709698fe3e4d825ca33add849f84e777fd1366fdf4568a","size":139578,"path":"media/images/visualization_12_d3e8505a2dc5202db170.png","format":"png","width":2048,"height":256,"caption":"Epoch 5 - Batch 0","_type":"image-file"}}